{
    "accuracy": 0.7696314102564102,
    "precision": 0.7876479723073918,
    "recall": 0.7695211239768239,
    "f1": 0.76497191378003,
    "total_time": 4.298861980438232,
    "train_loss": [],
    "epochs": [
        1
    ],
    "pipeline_events": []
}