{
    "epochs": [
        1,
        2,
        3,
        4,
        5,
        6,
        7,
        8
    ],
    "train_loss": [
        1.794593291209482,
        1.3721019191205348,
        1.1755864085138912,
        1.0490904564747725,
        0.950771831033175,
        0.8637767856383263,
        0.7926636948000134,
        0.7380247267005998
    ],
    "accuracy": [
        0.4327,
        0.5492,
        0.603,
        0.6447,
        0.6649,
        0.6979,
        0.7081,
        0.7179
    ],
    "precision": [
        0.46242063229763525,
        0.5597959971674602,
        0.6321787203641442,
        0.678869968049972,
        0.6769145855385671,
        0.7131096664051844,
        0.7333981040175995,
        0.7437318575559152
    ],
    "recall": [
        0.4327,
        0.5492000000000001,
        0.603,
        0.6447,
        0.6649,
        0.6979,
        0.7081,
        0.7179
    ],
    "f1": [
        0.4094783800014904,
        0.5288947394368556,
        0.6036294899135612,
        0.6514628900058401,
        0.6629739578031151,
        0.6971573564624708,
        0.709591125230909,
        0.7207894453042158
    ],
    "epoch_time": [
        82.09310483932495,
        72.53305697441101,
        71.88906121253967,
        69.88376879692078,
        69.2357075214386,
        69.02924966812134,
        69.91982460021973,
        69.27714824676514
    ],
    "total_training_time": 573.9792931079865
}