{
    "epochs": [
        1,
        2,
        3,
        4,
        5,
        6,
        7,
        8,
        9,
        10,
        11,
        12,
        13,
        14,
        15,
        16,
        17,
        18,
        19,
        20
    ],
    "train_loss": [
        1.8839005152587696,
        1.5102940331334653,
        1.2912384555162981,
        1.1375993064907202,
        1.0222747213090473,
        0.9381677999215967,
        0.8650156663506842,
        0.7981370045705829,
        0.7422251939926001,
        0.6963206291046289,
        0.6491610993967032,
        0.6024080296916425,
        0.5655931572017767,
        0.5288175901641017,
        0.4989790780007687,
        0.47124917031554003,
        0.4452163625861068,
        0.41751762957829036,
        0.39189240271630493,
        0.37531911438840737
    ],
    "val_loss": [
        0.6253,
        0.5172,
        0.4312,
        0.3788,
        0.3792,
        0.31179999999999997,
        0.32299999999999995,
        0.31489999999999996,
        0.26049999999999995,
        0.25849999999999995,
        0.2399,
        0.24419999999999997,
        0.2299,
        0.23919999999999997,
        0.22740000000000005,
        0.22209999999999996,
        0.21120000000000005,
        0.20879999999999999,
        0.21499999999999997,
        0.23019999999999996
    ],
    "accuracy": [
        0.3747,
        0.4828,
        0.5688,
        0.6212,
        0.6208,
        0.6882,
        0.677,
        0.6851,
        0.7395,
        0.7415,
        0.7601,
        0.7558,
        0.7701,
        0.7608,
        0.7726,
        0.7779,
        0.7888,
        0.7912,
        0.785,
        0.7698
    ],
    "precision": [
        0.41605228688637685,
        0.48515382036565635,
        0.5654792757684183,
        0.6340783716646775,
        0.6398260465126564,
        0.6926589342798632,
        0.7031265701336933,
        0.7136624072377676,
        0.7458728137416142,
        0.7618567386871278,
        0.7653154402493691,
        0.7618560438738096,
        0.7771895094591698,
        0.7779730349893816,
        0.7800495849206908,
        0.7841585560506672,
        0.7952134197541276,
        0.7947069851814212,
        0.7941862054596778,
        0.7878303426264536
    ],
    "recall": [
        0.3747,
        0.4828,
        0.5688,
        0.6212000000000001,
        0.6208,
        0.6882,
        0.677,
        0.6851,
        0.7395,
        0.7415,
        0.7600999999999999,
        0.7558,
        0.7701,
        0.7608,
        0.7726,
        0.7779,
        0.7888000000000001,
        0.7912000000000001,
        0.7849999999999999,
        0.7697999999999999
    ],
    "f1": [
        0.3524940088917478,
        0.46310009642328803,
        0.5510051012133445,
        0.6185649643319798,
        0.6059737485381642,
        0.683165211984389,
        0.6753126792609467,
        0.6798845526201831,
        0.738449355143356,
        0.7459322559172021,
        0.7608466623585137,
        0.7495333527954912,
        0.7697928616057332,
        0.7604474823989801,
        0.7734000973188286,
        0.7745368962400554,
        0.7870717183821372,
        0.7892340797966356,
        0.7843780877861712,
        0.7651898265274555
    ],
    "epoch_time": [
        71.45680379867554,
        91.36473846435547,
        97.45254564285278,
        73.55406665802002,
        64.11150741577148,
        64.18917751312256,
        67.42058491706848,
        64.80311846733093,
        64.85582327842712,
        64.72847104072571,
        64.77269864082336,
        64.46019983291626,
        66.67012691497803,
        64.17463397979736,
        64.84105134010315,
        64.71102094650269,
        65.20350646972656,
        66.1108295917511,
        64.79789185523987,
        64.70872688293457
    ],
    "confusion_matrix": [
        [
            779,
            16,
            9,
            6,
            31,
            2,
            16,
            1,
            80,
            60
        ],
        [
            3,
            867,
            2,
            0,
            1,
            1,
            5,
            1,
            14,
            106
        ],
        [
            80,
            4,
            551,
            25,
            132,
            46,
            124,
            3,
            8,
            27
        ],
        [
            20,
            9,
            19,
            522,
            106,
            100,
            132,
            7,
            36,
            49
        ],
        [
            7,
            1,
            12,
            13,
            889,
            5,
            56,
            5,
            7,
            5
        ],
        [
            7,
            8,
            18,
            133,
            71,
            660,
            57,
            14,
            10,
            22
        ],
        [
            2,
            3,
            6,
            15,
            27,
            3,
            928,
            0,
            9,
            7
        ],
        [
            15,
            4,
            17,
            32,
            179,
            49,
            11,
            652,
            3,
            38
        ],
        [
            24,
            16,
            2,
            1,
            5,
            1,
            5,
            0,
            914,
            32
        ],
        [
            7,
            29,
            3,
            2,
            2,
            1,
            4,
            0,
            16,
            936
        ]
    ],
    "total_training_time": 1374.5247738361359
}